created_unix_utc	created_datetime_pst	title	author	score	id	subreddit	url	body	num_comments	comments
1683387716.0	06-May-2023 08:41:56	Freevee: An episode with ads, all episodes after without ads!	Slight_Turnover_480	1	139tdjj	Freevee	https://www.reddit.com/r/Freevee/comments/139tdjj/freevee_an_episode_with_ads_all_episodes_after/	"By coincidence, as always, I switched from the Prime app on my Apple 4K to the Prime app on my smart TV and continued watching there. After the end of the episode I went to the fridge and was surprised that the next episode continued without the ""DamDam.....DaDaDamDam"" sound. There were no more ""ads"" points in the timeline either. Since then I've been using the OneEpisodeAd stream more often. But has nothing to do with switching from Apple TV to Smart TV. Is independent of it. I hope the error in the app remains undiscovered for a long time!"	0	[]
1683063640.0	02-May-2023 14:40:40	On Firestick 4K, IMDb icon displayed for Freevee app	Stenbolt	1	13617j0	Freevee	https://www.reddit.com/r/Freevee/comments/13617j0/on_firestick_4k_imdb_icon_displayed_for_freevee/	Latest version installed, which launches OK. I tried restarting the Firestick, but that didn't fix it. Because the app appears to be integrated into the OS, I can't uninstall/reinstall.	0	[]
1682997543.0	01-May-2023 20:19:03	'Bosch: Legacy' Renewed For Season 3 By Amazon FreeVee	SoftPois0n	3	1359tch	Freevee	https://simkl.com/tv/1824767/bosch-legacy		3	"['timetoremodel: Wish they would follow the network model and make 22 episodes.', 'lordb4: When is S2 getting released?', ""SoftPois0n: >'Bosch: Legacy' Renewed For Season 3 By Amazon FreeVee\n\nSeason 2 set to air this fall. (add to your watchlist on SIMKL)""]"
1682997495.0	01-May-2023 20:18:15	'Judy Justice' Renewed Through Season 4 By Amazon Freevee	SoftPois0n	2	1359stv	Freevee	https://simkl.com/tv/1473222/judy-justice		0	[]
1680973428.0	08-Apr-2023 10:03:48	If you‚Äôre watching Jury Dury on Freevee I run the show‚Äôs subreddit and you should consider joining!	Crabshell706	8	12frt1z	Freevee	https://www.reddit.com/r/JuryDutyFreevee/?utm_source=share&utm_medium=ios_app&utm_name=ioscss&utm_content=1&utm_term=1		0	[]
1679852261.0	26-Mar-2023 10:37:41	You should know that everything on FreeVee used to be FREE on Prime WITHOUT ads. Amazon OWNS Freevee. Prime members are now PAYING FOR ADS to watch AMAZON content.	SuperEagleGuy	9	122tjuh	Freevee	https://www.reddit.com/r/Freevee/comments/122tjuh/you_should_know_that_everything_on_freevee_used/	"See the title. 

Almost every show I wanted to watch that used to be FREE on Amazon is now *free with ads*. Even though Amazon literally owns FreeVee. So, Amazon moved all the content YOU ALREADY PAID FOR to an ad-based service THEY OWN. 

There is no purpose in me even having Amazon Prime now. Everything I want to watch is now pay to rent/buy, or watch with ads. I'm paying for Prime for nothing."	5	"['WillaZillaDilla: Pretty much. I canceled my prime sub because the shows I liked are all on Freevee', 'Alternative-End-5079: This explains a lot. The enshittification of Amazon continues. (Google that term, it‚Äôs really interesting.) I‚Äôm on the way out from Amazon.', ""barbar_bar: even during IMDb TV they'd have adverts. this is years-old"", 'None: [deleted]', ""SuperEagleGuy: It's not. I literally have a huge watch list of things that were completely ad-free with Prime. Now 90% of them moved to Freevee."", 'SuperEagleGuy: > Huh? Prime Video is not free, everything you watch you\'ve already paid for in advance via your monthly fee.\n\nMany movies and shows must be rented or purchased even with a Prime subscription. \n\nWhich is why I said ""free on Prime without ads"". Maybe I should have said ""included in Prime without ads"".\n\nI don\'t have ad blocking software on my TV. Maybe I can try casting from my computer.']"
1679450751.0	21-Mar-2023 19:05:51	FOR GODS SAKE THE SAME ADS OVER AND OVER	Alternative-End-5079	12	11y38xy	Freevee	https://www.reddit.com/r/Freevee/comments/11y38xy/for_gods_sake_the_same_ads_over_and_over/	"Freevee. If you‚Äôre watching this. I‚Äôm watching Mad Men. I‚Äôve seen the same ads for Verizon, some Crohn‚Äôs disease drugs, some HIV drugs, a KIA, and eczema drugs, each multiple times an episode and now multiple seasons. ENOUGH. 

That purple frisbee! The lady in the helicopter scratching her neck! The comedians (whom I used to like) sitting on the Verizon sign! DETECT THIS refrigerator magnets! 

MAKE IT STOP 

We just mute it for now. But there‚Äôs no chance that we will watch another FREEVEE show that we aren‚Äôt already hooked on. Which we will not be, because as soon as I see freevee, I will be OUT. 

FIX IT OR shrivel to oblivion. 

Signed, a business strategy consultant"	5	"['DZipp1: But if I suddenly develop HIV I know know what to ask my doctor for lol‚Ä¶', 'acatinasweater: Seriously. After a few thousand times we have a little dance party when the Stelara ad comes on.', 'barbar_bar: for me, the regular ads are actually pretty soothing; its everything you\'ve had over again. \n\nsaying that, the one i REALLY dislike is the ""new season of neighbours"" - that tune absolutely gets on my tits', 'Alternative-End-5079: We sing along with the instrumental music, but the tv is on mute.', 'Alternative-End-5079: Do you imitate the ‚Äúthrow plate‚Äù ‚Äî> ‚Äúdog catches frisbee‚Äù maneuver?']"
1678809218.0	14-Mar-2023 08:53:38	Hidden Villages audio	pstaki	2	11r9vrk	Freevee	https://www.reddit.com/r/Freevee/comments/11r9vrk/hidden_villages_audio/	Ever seen Hidden Villages with Penelope Keith? My wife really likes it and I have to admit that the show has its charms. What we both find annoying is the audio. When there is background music it practically drowns out Dame Keith - you can barely make out what she's saying. We have external speakers and  have tried all the audio style options on our receiver and this is a problem on all of them. It's not a problem on any other shows. I was wondering if it is our sound system or if others have encountered it.	1	['bears_clowns_noise: Not you, the sound mixing on this show is just atrocious. Her voice is almost unintelligible.']
1678142299.0	06-Mar-2023 14:38:19	From IMDb TV to freevee, I‚Äôve loved watching	barbar_bar	3	11kgjyl	Freevee	https://www.reddit.com/r/Freevee/comments/11kgjyl/from_imdb_tv_to_freevee_ive_loved_watching/	"I‚Äôve enjoyed watching freevee. I do not have cable or any actual television channels because for Zero dollars I can use it

For me I don‚Äôt mind the ads; they‚Äôre short and not obnoxious like actual TV channels"	0	[]
1677234767.0	24-Feb-2023 02:32:47	Freevee ads	kevlarus80	6	11aobpb	Freevee	https://www.reddit.com/r/Freevee/comments/11aobpb/freevee_ads/	Decided to rewatch Parks and Rec today but after the first episode I don't think I'll bother. 4 unskippable adverts within the first 20 minute episode. What an absolute joke. Time to cancel Prime.	4	"[""mediocre_mitten: It IS awful isn't it?\n\nPeacock w/ads isn't that bad. Seriously, their ads are doable. Movies have a couple 30 sec ads and that's *it*. Tv shows (like King of Queens or Parks & Rec) will have non skipable ads but they're doable and it seams to vary from ep to ep how many and how long. Some have two breaks with 30 sec ads, some have two 40 sec ads, some have three. It's like watching regular OTA tv but the breaks are way shorter.\n\nFreevee is like torture for your eyes, ears and brain!"", ""mathfacts: Prime members shouldn't get ads. What a load of shit."", 'None: You don‚Äôt need Prime to watch Freevee', 'kevlarus80: I can show my dissatisfaction by cancelling prime though.']"
1673900334.0	16-Jan-2023 12:18:54	Has anyone else [...buffering...] noticed that over the last [...buffering...] few weeks or [...buffering...] months, the Freevee service has [...buffering...] not been very reliable?	adrianmonk	6	10dq8ze	Freevee	https://www.reddit.com/r/Freevee/comments/10dq8ze/has_anyone_else_buffering_noticed_that_over_the/	"I have a rock solid gigabit connection, but Freevee still stops playing buffers every 2 or 3 minutes. It happens like 5 times minimum per TV episode. This has been going on since before Christmas.

I don't have this problem with any other streaming services, and it happens on multiple devices.

Is there any place to report this to Freevee? I can't find any way to contact them. It has been going on so long that I feel like they may just not know it's happening."	3	"[""lordb4: It's not every 2-3 minutes but I do have this happen for like the past couple of months.   I power cycled everything on my network and it didn't help."", 'qixer01: I am currently experiencing this.', ""EmpressOphidia: So it's not just me. All my streaming apps are fine. Except Freevee.""]"
1673803705.0	15-Jan-2023 09:28:25	Tried of all the Prescription Drug commericals on FreeVee? Enjoy this satire!	cyanocobalamin	5	10cpfe8	Freevee	https://youtu.be/k_84ItZvU64		1	['profCow: Have this Free(Vee) upvote!\n\n&#x200B;\n\nEdit: parentheses']
1673194457.0	08-Jan-2023 08:14:17	Storylands in the UK	biddyonabike	1	106mys6	Freevee	https://www.reddit.com/r/Freevee/comments/106mys6/storylands_in_the_uk/	"Do I have to have a Samsung tv to watch Storylands? I wanted to watch a show called Un Village de France. I found it on Freevee but the Storylands channel seems to be linear, like terrestrial, and you just get the current episode. Obviously I want to start at the beginning. Is this possible with Prime, a Firestick and a Sony tv? 

Secondary question about the loong sections of trailers for other shows that are so long you've forgotten what you were watching. 

Another Q about why there's no fwd, back and pause."	0	[]
1672969636.0	05-Jan-2023 17:47:16	Barely any ads	ColdSpot85	3	104h6qs	Freevee	https://www.reddit.com/r/Freevee/comments/104h6qs/barely_any_ads/	Started using freevee to watch parks and Rec since Netflix lost the rights. I‚Äôve only seen one ad which was nine seconds long and I‚Äôm on season two. Not sure why this bothered me so much, I‚Äôm just confused. Had to check I‚Äôd not accidentally subscribed to prime. Anyone else experienced this?	15	"['_Lets__go__Brandon_: Wow. I\'m almost speechless because I searched the term ""Why does FreeVee have so many ads"" & this post was in the search results. I came to read the post & find out what sort of sorcery you were preforming to remove the ads. I have the exact opposite experience. I usually watch older shows cuz I really hate some of the garbage on these days. So, I\'m off watching Magnum PI from like the 80\'s. After I skip through the intro, there is only like 35 - 40 minutes of actual show, if that. There is ALWAYS at least 4 ad breaks, but usually 5. The breaks normally run 2 - 4 ads & each break is about 1 - 1 1/2 minutes long each. It\'s normally the same annoying ads in each break. Verizon is usually always one of them & every single break has some sort of pharmaceutical ad. In general, I hate ads, but ads that are not relevant to me at all make me want to jump out my bedroom window. When I finish up with the last season of Magnum, I will absolutely never use FreeVee again. I\'m really glad to hear that you & some others are not having the same experience. Happy watching!', 'DeadlineSurprise: I get sooo many ads for HIV treatment, it makes me wanna go get tested ü§¶\u200d‚ôÇÔ∏èüòµ', 'mediocre_mitten: This service is FULL of ads and literally ruins the watching experience!\n\nBE GONE TROLL! We have no use for you here!', 'Prudent_Substance_25: I have Amazon prime. I get ads every 3-6 minutes. Sometimes as long as 2 minutes worth of ads.\n\nThe farther along you are in a show, the more frequent and lengthy the ads.\n\nYou must have just started watching something. Wait until you are close to the end of the season. The ada are horrendous.', ""SheekGeek21: Came to ask about this - was watching the same show and haven't seen an advert yet. Not complaining but yeah I was also worried I may have accidentally paid for something."", 'ColdSpot85: I think it‚Äôs a UK thing tbh. If you have a vpn maybe try switching it over?', 'ColdSpot85: üò≥no way, I still hardly get any ads', 'ColdSpot85: I still don‚Äôt get many ads, maybe it‚Äôs because I‚Äôm in the uk?', 'ColdSpot85: I watched the whole season n barely saw any ads, maybe 1 every couple of episodes towards the end. Only a couple of short ads when I‚Äôm watching movies aswell ü§∑\u200d‚ôÇÔ∏è', 'ColdSpot85: Are you in the uk by any chance?', ""Prudent_Substance_25: So you were paid to say that? It's not like there is an algorithm that adjusts ad frequency for different customers. \n\nWhat a bizarrely fake comment."", 'SheekGeek21: Yes - eventually did start seeing ads, but really not many!', 'ColdSpot85: I wasn‚Äôt paid to say anything, I just came here to see if anyone else had the same experience because I thought it was weird. Seems to be a UK thing.', 'ColdSpot85: Same here. Seems the UK does have atleast one perk', ""Prudent_Substance_25: Fair enough. It's just so hard to believe because of how frequent ads are. Enjoy it.""]"
1672490940.0	31-Dec-2022 04:49:00	Why can't you get Freevee programs commercial free if you are a Amazon Prime member?	Successful-Ear9288	9	zztezl	Freevee	https://www.reddit.com/r/Freevee/comments/zztezl/why_cant_you_get_freevee_programs_commercial_free/	This may just be whining on my part but I believe that if you are a current Amazon Prime member you should be able to view the programs on Freevee with no commercials.  Or at least make the content on Freevee available on Amazon Prime commercial free. Seems to me that it would not be difficult at all to do.	3	"[""_Lets__go__Brandon_: I agree 100%. I could complain for 20 minutes about those annoying freaking ads. The show I'm watching right now is from the 80's & is only about 35 minutes long & there are at least 4 ad breaks, but usually 5, during each episode. Not one single ad is relevant to me & has not been during the 6 previous seasons I've watched. If I don't wanna switch to Verizon or take mass amounts of pharmaceuticals, too bad, I have to watch it anyway. When I finish up with this show, I will NEVER use FreeVee again."", 'LeoIrish: I understand the sentiment, but I seriously doubt it is a possibility.  Most of the articles I have read indicate streaming services are earning more per viewer with the ad-supported option than ones without ads.  I guess in the end if I keep getting shows I want, then I will deal with a few ads.', 'fsck-y: I‚Äôd like that as well but it‚Äôs probably not going to happen.  In the current situation Amazon makes money from both subscribers of Prime and ad revenue from Freevee.  Them giving up that extra income is unlikely.']"
1671826159.0	23-Dec-2022 12:09:19	Tired of all of the drug commercials.	Methylatedcobalamin	8	ztrd73	Freevee	https://www.reddit.com/r/Freevee/comments/ztrd73/tired_of_all_of_the_drug_commercials/		2	"['_Lets__go__Brandon_: Um, yeah. They need to have a drug commercial for a drug that would make me not wanna kill myself every time I have to watch a drug commercial.', ""mediocre_mitten: The funny because it's true reason for all the pharma commercials is the fact that Amazon just bought One-Medical for 3.9BILLION!\n\nThat, plus the fact that Amazon will be pushing it's online pharmacy HARD through One-Med.""]"
1671678933.0	21-Dec-2022 19:15:33	Freevee on Amazon video	Briche12	3	zsak15	Freevee	https://www.reddit.com/gallery/zsak15	Watching Murphy‚Äôs Law on Amazon video. When I get to season 3 there‚Äôs an option for ads or no ads but when I select no ads I get a screen indicating that I need an ad on subscription from the Amazon website. I can not find anywhere an option for a subscription.	1	"['None: They are talking about Acorn TV. Looking at where it is streaming, there is an option to get Acorn TV itself or Acorn TV through Amazon, as an add-on channel. Either one should net you all 5 seasons of it ad-free.\n\n[https://www.justwatch.com/us/tv-show/murphys-law](https://www.justwatch.com/us/tv-show/murphys-law)\n\nNow, the interesting thing here is that the show is clearly all on Acorn TV, according to both that and the [website](https://acorn.tv/murphyslaw/).\n\nOn Amazon, though, when I go to the [show](https://www.amazon.com/gp/video/detail/0SP1SPF6VPYNMT8M3IL08YVSD3/), it has 5 seasons for Freevee, but only the final 3 have double seasons, where they point to Acorn TV through Prime. The first two just say Freevee. If you click, ""More purchase options"", it suggests paying for Acorn TV through Amazon.\n\nI don\'t typically use the channels feature of the streaming apps, since some of them hold back on some content or delay new content. I don\'t know for certain, but you probably would get the whole show ad-free if you paid for Acorn TV through Amazon. It appears to be just a poor design of the system.\n\nAcorn has a free trial, on the main website, so you can just watch it there if you are fast and pay nothing.']"
1670878357.0	12-Dec-2022 12:52:37	No subtitles on some shows when I am watching the UK Storylands channel. Can anyone resolve?	daisyblonde87	1	zkb3ar	Freevee	https://www.reddit.com/r/Freevee/comments/zkb3ar/no_subtitles_on_some_shows_when_i_am_watching_the/	"The Storylands channel is one that was created by ITV Studios to show the ‚Äúbest in European drama‚Äù. I believe it is on Samsung Smart TVs as well as Freevee.

It has great shows like Aber Bergen but no English subtitles for this show. Only some of the shows have subtitles which are engrained into the show. Others have subtitles in Spanish!

I have tried the menu option on my 2020 Fire TV stick but it just comes up with Audio and Subtitles in English.

Could anyone resolve this issue?"	0	[]
1669674991.0	28-Nov-2022 14:36:31	German adverts on UK freevee	The_Girl_1985	1	z7b17h	Freevee	https://www.reddit.com/r/Freevee/comments/z7b17h/german_adverts_on_uk_freevee/	"Hello
Has anyone had adverts in German language while watching freevee in the UK? I don't use any VPN."	2	"['LANDALES: Mine just started this evening. I thought I was imagining things when I saw German adverts not just audio.', ""pearlheartgtr: I'm in the US and we've been getting German commercials for a few days, now. I checked all f the profile and language settings, but they're in English.""]"
1665367892.0	09-Oct-2022 19:11:32	Ad selection and personalization	IBreakCellPhones	7	y02ssk	Freevee	https://www.reddit.com/r/Freevee/comments/y02ssk/ad_selection_and_personalization/	I live a lifestyle that has an extremely low risk for HIV. Is everyone else getting an excessive repetition of ads for things they'll never use? Or is it that I turned personalization off and big pharma is just wasting money on me?	2	"['NEjoedaddio: I have the same issue. Maybe they‚Äôre coercing us into turning on personalized ads and turning off ‚Äúask app not to track‚Äù', ""_Lets__go__Brandon_: I do & I'm so sick of it that I feel like getting AIDS on purpose & then NOT taking those drugs, just so I'll die & never have to see those damn AIDS commercials again.  \n\n\nI don't have a FreeVee account, I'm just watching from Prime. How do I change personalization settings? I never wanna see a pharma commercial again. I take zero scripts & have even less interest in them than that. I also never wanna see another Verizon commercial.""]"
1665257794.0	08-Oct-2022 12:36:34	Rewind 10s and have to watch another 90s of commercials?	Hurkk	5	xz1i11	Freevee	https://www.reddit.com/r/Freevee/comments/xz1i11/rewind_10s_and_have_to_watch_another_90s_of/	"This has happened to me several times in the past and I rage-quit watching Freevee for awhile.     
     
I have the Amazon Firestick thingie and was watching a show which had 10s at the start then instant commercials. After the commercials I wanted to watch the 10s again that were cut off by the commercials so I hit rewind once. It then cuts to 1:30 of commercials!!      
     
No other video service I have used has had this issue. I hope they fix it and fire whomever is so inept that it has been around at least 2 years now."	3	"['olthaniwish: This has happened to me as well as the program freezing up and showing more commercials when it reloads.', ""_Lets__go__Brandon_: Agree. I watch on my phone when I go to bed at night & sometimes when my phone falls over, I accidentally skip ahead or back when I reposition it. Then it starts the whole 90 seconds of Verizon & pharma ads all over. Also, when I fall asleep mid-episode, I have to go through all the damn ads again just trying to find the last thing I can remember watching before I fell asleep. I honestly can't stand it anymore & I promised myself that when I finish up with all the seasons of the show I'm watching now, I will absolutely never use Freevee again. Ever. I hate ads already, but I feel like I need therapy now after 5 ad breaks per show during 7 seasons of Magnum PI. I get so freaking mad that I actually think about it the next morning when I wake up & several times again throughout the day."", 'Affectionate-Ad-550: I have the same problem with rewatching commercials with freevee via Amazon, and there is nothing that can be done to stop it. If the series or movie is streaming anywhere else, I watch it there. I would think that the freevee powers that are would fix it since it has been happening for so long. Maybe if people keep writing about it they will. We can hope. Patricia Lindsey']"
1664818792.0	03-Oct-2022 10:39:52	FREEVEE SUCKS	darthsteevious	11	xuq2cl	Freevee	https://www.reddit.com/r/Freevee/comments/xuq2cl/freevee_sucks/	Sprung is a great show. Too bad it on the worsts streaming app ever. Have yet to make it through an entire episode without a an issue. Audio off. Playback choppy. Etc etc. it‚Äôs like Amazon said let‚Äôs make our app the exact opposite of the content we are putting on there.	12	"['Entertainmentguru: It never seems to remember where you left off.  I\'m watching ""Night Court"" and I will watch multiple episodes in a row only to stop, watch the next day, and the app thinks I am episodes behind.', 'Bradyt1978: Freevee is the worst thing to happen to streaming tv. I used to watch Mr. Dee on Prime without HORRIBLE commercials. Now I will NEVER WATCH IT AGAIN. Screw PRIME too!', 'IllustriousShock9870: My issue is the ad timing.  A set of commercials will pop up unexpectedly often in the middle of a word. Then the show/movie commences at that exact point, but I‚Äôve lost a bit of context. It would be nice to have a commercial break at a natural break point like on regular tv. \n\nI‚Äôm watching the Parliament Funkadelic documentary mid word a Jimmy Dean Sausage Ad pops up the segue is so smooth it catches you off guard.', 'lordb4: I watch it through Prime and never have any issues.  Never used the actual FreeVee app.', ""SpicelessKimChi: I just saw this and have to agree. It's by far the worst app we have, and we have a lot of apps. I was trying to watch a movie and basically have to start it over every time I pause it to go to the bathroom or get up for something. I've decided to let it play and just rewind rather than pausing it, since it just stops and then I have to go back and find where I was because there's no way to restart where you left off. At least not that I can find."", 'HannahCunningham14: How is it free when you have to have a stupid log in. Would like the free stuff to be available without you selling my email, you know like it was when it was just imdbTV.', 'AppropriateFly147: I love it', 'AdApprehensive3504: Exactly! We pay a fortune for Prime. They can suck it.', 'darthsteevious: My Amazon fire makes me use the app', 'darthsteevious: Crashtastic. A Lot. I give up trying to do anything other than push play which is no guarantee either.', 'IllustriousShock9870: Or if your email is so precious you could open a new email account just for stuff like this.']"
1664416122.0	28-Sep-2022 18:48:42	Freevee on Amazon.	One_Pianist_9650	8	xquy92	Freevee	https://www.reddit.com/r/Freevee/comments/xquy92/freevee_on_amazon/	Why is the image quality of ads on Freevee better than the actual episode than I am watching? It should be the opposite.	1	['Mountain-Push-4383: Multiple reasons the quality can be low: your browser codecs, your monitor cable specs, your computer/GPU, your internet connection, etc.\n\nIf you are watching an old TV show, it‚Äôs probably the best resolution you can get out of old camera/film it was shot with. A good hint is: if you notice quality downgrades during action scenes vs fixed scenes, that‚Äôs a sign.\nFixed, in-studio scenes are filmed with high end and expensive equipment, outdoor, fast-movement scenes were sometimes filmed with specific lenses but more lightweight equipment: lesser resolution. At the time you didn‚Äôt notice because everything was downscaled for a shitty TV screen, but now you have a 4K monitor at home‚Ä¶ you can tell.']
1663280264.0	15-Sep-2022 15:17:44	Can y'all please help my dad out?	I_Love_Mango_Chicken	2	xf9pyr	Freevee	https://www.reddit.com/r/Freevee/comments/xf9pyr/can_yall_please_help_my_dad_out/	"My dad is an old guy, he can't walk, he's all day sitting down on the sofa, watching Perry Mason. He wants to finish the seasons so he can die happy. Please put it back so he can die happy. PLEASE I BEG YOU, HE WAS LIVING A HAPPY HEALTHY LIFE, watching Perry Mason.

Update: My dad's in a coma all because he couldn't watch Perry Mason on Freevee. WHY FREEVEE WHY!"	3	"['Ok_Alarm_6164: I am disappoiinted as I was half way through season 8 and now I cannot find the episodes to finish the season or finish up season 9.', 'WickedJay83: Uhh.. all 9 seasons are there.', ""WickedJay83: I'm looking at all nine seasons and all the episodes are there :/""]"
1661904775.0	30-Aug-2022 17:12:55	commercial inserts in Freevee seem very sloppy and no sense at all	Sid_Sheldon	7	x1yx27	Freevee	https://www.reddit.com/r/Freevee/comments/x1yx27/commercial_inserts_in_freevee_seem_very_sloppy/	"The problem with the commercials in a freevee program is they seem to be inserted at ""random"".  I've seen it happen in the middle of a sentence in spots that make no sense.

Sling gets it right, most streaming channels can insert ads in logical places.  IF Freevee does not its more sloppiness in their automation than anything else"	7	"[""Sid_Sheldon: LOL, I cross posted on twitter and they opened a support ticket.  Uh kids, what will that do.  It's not my tv its' your automation system.\n\nAh well, this was a polite rant anyway not like I expected anything"", 'GeneralGood1691: If you watch on your computer you can try this extension to skip the ads: https://chrome.google.com/webstore/detail/freevee-skipper-skip-ads/nfodepdbkedfahdadcglakjdmopkobon', 'bogz30: its a racket. x files is auto playing the next episode with like 20-30 seconds left in the previous episode. if you go back to the episode you were watching and fast forward to the end to see what you missed, you have to play commercials first.', 'None: Freevee seems to have fewer commercials than Hulu (lately) and Freevee is *free,* so...', ""lordb4: Depends on the show.   If it is an old show they bought, it's all screwed up.  For their new originals, it is correct."", 'IllustriousShock9870: Mid word a Jimmy Dean Sausage pops up so seamlessly I don‚Äôt realize it‚Äôs an ad for a second. Then they come back and mid scene and I have to think what happened before.', ""Sid_Sheldon: Free's not the point, not at ALL.  It's put the damn commercials in the break points not in the MIDDLE OF A SENTENCE.""]"
1661472110.0	25-Aug-2022 17:01:50	what happened to all the channels?		3	wxtppz	Freevee	https://www.reddit.com/r/Freevee/comments/wxtppz/what_happened_to_all_the_channels/	"Went from a few dozen channels, to several dozen 'watch' channels in the past few weeks, to 14 today.

I realize I can likely search for episodes of the shows I watched, but I'm lazy.  So, going from like 4hrs per day (background noise, but I still memorized the repeat repeat repeat ads) to 0. I have no need for this app now."	1	['CWNAPIER11: It appears they moved the channels to the Amazon Prime app']
1660717364.0	16-Aug-2022 23:22:44	Error 4005 constantly failing playback is driving me nuts ü§™	Severe-Masterpiece85	2	wqhhfg	Freevee	https://www.reddit.com/r/Freevee/comments/wqhhfg/error_4005_constantly_failing_playback_is_driving/	At least twice per episode, going old school with Night Court, I get a stoppage with twirling circle for a minute or so. I then get a page stating an error 4005. It requires usually just exiting the show and then going back in and restarting. Occasionally the app locks up entirely requiring reboot of the AppleTV 4k. It‚Äôs not that I cannot live with the issue but it‚Äôs incredibly annoying.	4	['rakfink: Same thing happens to me. Very frustrating.', 'browsin4fun: Yeah I have this same issue too. So annoying!', 'Severe-Masterpiece85: Wow. They really don‚Äôt give a crap about fixing it. I guess that‚Äôs what we get for ‚Äúfree‚Äù TV these days.', 'Severe-Masterpiece85: And apparently there‚Äôs zero help online like their error says. I don‚Äôt know why they provide all that reference info if there‚Äôs nothing that can be done with it.']
1659569141.0	03-Aug-2022 16:25:41	Does anyone know how much Freevee pays filmmakers	FlowerSingle980	1	wflf23	Freevee	https://www.reddit.com/r/Freevee/comments/wflf23/does_anyone_know_how_much_freevee_pays_filmmakers/	I've heard it's an hourly rate and not per commercial but does anybody know how much?	0	[]
1659473769.0	02-Aug-2022 13:56:09	Freevee Has a Really Loud Ad That Needs To Go.	colinbazzano	4	wemvcr	Freevee	https://www.reddit.com/r/Freevee/comments/wemvcr/freevee_has_a_really_loud_ad_that_needs_to_go/	"If you've used Freevee in the US lately, chances are you saw the ad for the cooking show ""The Good Dish"" they have. It begins with 3, volume scaling microwave beeps and other noises that happen before the ad hits the screen. 

I'm not usually bothered by noises, but this shit gets me bad. Gets my girl even worse as she struggles with excessively loud noises. It plays the sounds before the video appears so there's no way to know ahead of time. We watch Little House on the Prarie that does not have the best mix for sound. We require a slightly higher volume for the show to sound proper, but that makes the beeps in the ad horrendous. Amazon says that they can't do anything. What can I do!? I want this ad gone from my life or at least replaced with one that doesn't have awful beeps that pierce your ears. 

&#x200B;

Is there anything that can be done? I know I sound like I'm bitching but if you've seen the ad it's really fucking insane that someone edited it and thought, ""yep, this is gonna be the one."""	4	['meditrina73: I agree. Three stupid beeps. Sounds like a microwave or fridge alarm when you leave the door open.  I hear it from my roommate‚Äôs tv with her door closed. I cannot hear the tv‚Ä¶ just the damn beeps.  I spent 3 days trying to find which device in my house had an alarm sounding.', 'None: That commercial is so loud!', 'JuniorSwim8771: You can buy a turd and call it a rose but it‚Äôs still a turd. IMDBTV was crap and so is Freevee', 'colinbazzano: I‚Äôm just bummed they ‚Äúcan‚Äôt do anything about it‚Äù because it is just awful. And the food inside the microwave, whatever it is, is clearly photoshopped in.']
1659378468.0	01-Aug-2022 11:27:48	A bug?	RichieEB	2	wdomlc	Freevee	https://www.reddit.com/r/Freevee/comments/wdomlc/a_bug/	When I use anything but a computer to watch on FreeVee watching Babylon 5 it works as you would expect right? Then one day I tried to watch it on my laptop and it wasn't available for free, on the browser on the computer. I've tried multiple laptops and it's definitely there for Babylon 5 I think others too idk. Just asking here if anyone else has noticed this, just going to try contact amazon about it.	2	['fluffylittlepuppydog: Having the same issue', 'RichieEB: Yep they just never responded, been using the PS4 to watch it.']
1659114183.0	29-Jul-2022 10:03:03	Traffic (movie)	stevegraystevegray	1	wba2jp	Freevee	https://www.reddit.com/r/Freevee/comments/wba2jp/traffic_movie/	No subtitles for the Spanish languages parts of the film - why?	0	[]
1659046303.0	28-Jul-2022 15:11:43	any way to get smaller Captions?	vreebler	1	wamyqd	Freevee	https://www.reddit.com/r/Freevee/comments/wamyqd/any_way_to_get_smaller_captions/	it doesn't respond to A10 system wide Caption settings.	0	[]
1658794424.0	25-Jul-2022 17:13:44	Continuous Play now unavailable	polynomialpurebred	2	w84pcu	Freevee	https://www.reddit.com/r/Freevee/comments/w84pcu/continuous_play_now_unavailable/	"I have been using certain series available in Freevee in current and former incarnation as a kind of white noise box.  I live with someone who awakens a bit earlier than I do and puts on a very specific channel I hate which is itself especially loud.  So I have a specific low stress, pleasant accent show with many seasons and I keep it on all night at a low volume and it cancels the other tv noise when I wake up.  None of the other streaming services would just play and keep playing. 

But recently, maybe a week, it starts the usual interruption ‚Äúare you still watching‚Äù box and stops the show.  Which means I get to have hellish awakenings again.  

Anyone else noticing this?   And if so, any solutions?"	0	[]
1658755086.0	25-Jul-2022 06:18:06	Live TV Schedule?	pbroxy	2	w7orhb	Freevee	https://www.reddit.com/r/Freevee/comments/w7orhb/live_tv_schedule/	Is there a way to view the live TV schedule? The app allows you to watch live TV channels that are a part of the service but there is no way to view the schedule or line up or even all the channels available. This is a serious design flaw unless I am not looking in the right area of the app.	1	['polynomialpurebred: I watch using prime video interface from the fire stick and there‚Äôs a view option that pops up - I watch ‚Äúlive‚Äù BUZZR channel during the day sometimes.   I don‚Äôt really understand as it seems to mix streaming and live on it‚Äôs set of guide bars']
1658461215.0	21-Jul-2022 20:40:15	Different Freevee Ad Lengths?	d1ppyfresh	3	w50d2o	Freevee	https://www.reddit.com/r/Freevee/comments/w50d2o/different_freevee_ad_lengths/	"hi! does anyone know why freevee ads differ in length for each user??

my long-distance partner and i like to watch mad men ""together,"" but i ALWAYS have more ad blocks and for longer periods of time than they do. is there a way to reduce my ad time, in a sense?? this is not an isolated event; this is pretty much a nightly occurrence. 

thanks for any and all insight!"	4	"['Tom_Ate_Ninja: I watch fringe on freevee. The first episodes there were some ads up to 15-20 seconds and only 2-3 times. Now i am in season 2 and the ads getting ridiculous long i am now up to 95 seconds and 5-6 times every episode.', 'K_ThomasWhite: Are you each using different devices?', ""d1ppyfresh: same here! also they do NOT sync up with where traditional ad breaks would be placed. i know that films and certain tv series weren't written/created around commercial breaks, but to have these ads occur mid-sentence is frustrating!"", 'd1ppyfresh: yes, we‚Äôre both watching thru amazon prime app on roku/smart tv in different areas']"
1657765676.0	13-Jul-2022 19:27:56	Freevee encountered unexpected error	UnitedSteakOfAmerica	1	vyks7g	Freevee	https://www.reddit.com/r/Freevee/comments/vyks7g/freevee_encountered_unexpected_error/	"ive been using freeve for over a month now with no problems until now. it says ""Freevee encountered unexpected error."" i tried closing and reopeing 4 times, tried resetting my xbox, same thing. i just tried to uninstall and reinstall with no success. ive tried everything possible and it just says go to amazon.com/help wich has absolutely nothing relevant, nor does it include a single link to anyting useful... would like to fix this if anyone else has encountered the same issue. i was binge watching 24 until now. ready to uninstall and never come back then tell everyone how bad the app is for the rest of my life lol"	3	['UnitedSteakOfAmerica: also wont let me watch anythin else ive been watching but it lets me watch the fucking angry birds movie ):<', 'rakfink: It‚Äôs been hinky on appletv as well.', 'UnitedSteakOfAmerica: still aint workong for me but i guess you can still watch the free stuff the same on amazon prime video so im just gonna switch to tha and never come back lol too bad i liked freevee but its the same thing anyway']
1656619193.0	30-Jun-2022 12:59:53	Watchlist	Global_Room_9230	1	vohefz	Freevee	https://www.reddit.com/r/Freevee/comments/vohefz/watchlist/	Does anyone know if you can make a watchlist on Freevee? I‚Äôve found articles that say yes, but I can‚Äôt imagine where it is bc I‚Äôve searched (what seems like) the entire app. Thanks!	5	"[""lethargicbureaucrat: As a substitute for a watchlist, I watch about 30 seconds of a show and it puts it on my continue watching list, or whatever it's called."", 'K_ThomasWhite: I was never able to find a way. That is why I still use the Prime Video app instead. Really a glaring omission.', 'b2coolforme: It actually is on the home page on firestick under my stuff it is not in the app that I could find. You can also in the app go to search and search watchlist and it pulls it up too.', 'Embarrassed-Sun7104: Very UNuser-friendly.', 'Ishpeming_Native: It\'s impossible.  I have a load of shows on my watchlist and no clue how they got there.  I have one I\'m watching, episode by episode, and the only way to find the show is to search for it and enter practically the whole name, then choose the episode I want, and then I can watch the show.  The next day, I have to do it again.  Meanwhile, I have a whole load of shows on my ""watch list"", apparently because I once watched part of an episode two years ago.  This is not an ""interface"".  It\'s an exercise in stupidity.']"
1654811935.0	09-Jun-2022 14:58:55	Bitrate?	jontebula	3	v8s2nc	Freevee	https://www.reddit.com/r/Freevee/comments/v8s2nc/bitrate/	What bitrate Freevee use?	1	['_Khoshekh: Did you ever find the answer?  I want to know this too']
1653760995.0	28-May-2022 11:03:15	I don't understand why as a Amazon Prime member I have to watch commercials on FreeVee shows, which is directly accessible on the Amazon Prime channel.	truthesda	32	uzspza	Freevee	https://www.reddit.com/r/Freevee/comments/uzspza/i_dont_understand_why_as_a_amazon_prime_member_i/	Doesn't make sense.	8	"['The_Real_Crusader: I will actually be writing a real paper letter to several executives at Amazon because I feel Freevee (whose commercial content was once without commercials on Prime) is ripping off Prime members.  I am also contacting class-action attorneys as I feel it is a violation of consumer protection laws.  As a Prime Member, why on earth should content that was once included in Prime now only be available with commercials? Not fair to Prime Members.', 'marcovanbeek: On our Apple TV it also crashes after every advert break.', 'IbeMullet: My guess they are in need of more money...\nWhat I could watch with our commercials.. Now had so much.. It almost time to cancel everything', ""BecauseItIsYourDog: What annoys me is they recommend it as Prime Video. Call it Freevee videos do I know it'll have commercials and I can avoid it."", 'redwings913: yes this service even if it called freevee needs a no commercial plan option pay $5 or something for it get with the times all the other premier services have one. No not the live tv portion but for the back catalog like judy justice and stuff like what hulu does on there back catalog but then of course there live tv part has the typical commercials.', ""OneDadtoRuleThemAll: Agreed. Bosch was a show I kept Prime for. The last season was on Freevee not Prime. They're just shifting content to make more money. Just raise the price for prime a buck or two instead of these stupid games. It's exhausting."", 'Careful_Skirt_8658: How does BEZOS need more money????', ""Philip_Jeffries: Well now. I'm not gonna talk about Judy; in fact, we're not gonna talk about Judy at all, we're gonna keep her out of it!\n\n---\n\n- [reference](https://www.youtube.com/watch?v=2V0UhtA_mJE&t=365)\n\n^(I am a bot.)""]"
1653030743.0	20-May-2022 00:12:23	"Why is Freevee app ""crippled"" on Roku?"	reesedogg	2	utno0i	Freevee	https://www.reddit.com/r/Freevee/comments/utno0i/why_is_freevee_app_crippled_on_roku/	Anyone know why the Live T steams are not available on the stand-alone Freevee app on Roku?	0	[]
1651952614.0	07-May-2022 12:43:34	The logo	FlimsyManagement	7	ukksnl	Freevee	https://www.reddit.com/r/Freevee/comments/ukksnl/the_logo/	I‚Äôm watching Bosch Legacy and the Freevee logo is huge, almost distracting. It takes over that whole side of the screen despite it being transparent.	9	"[""mit-mit: We just started watching it too and I hate the logo so much. It's so distracting! Bosch was such a classy show but this makes Bosch: Legacy look kinda cheap. I'm guessing there's no way to turn it off?"", ""internetonsetadd: I was on the fence on whether I'd even continue with Bosch on a service with ads, but the huge logo made the decision easy."", 'TexasDD: They might have heard the complaints. I‚Äôm watching the latest Bosch episode. And the logo is noticeably smaller.', 'Bigbone61571: Bosch is my favorite show of all time and it is totally RUINED with the FREEVEE logo shining in my face like a 10,000 watt bulb in the lower right hand corner.', 'roundearthervaxxer: There is no way I am sitting through ads for ANYTHING', ""FlimsyManagement: I haven't found a way to turn it off. I am happy the commercials are extremely limited but I wish it was like the Hulu no-ad program exclusion where the ads are before and after the show, not during the episodes. Other than that, it's not too bad of a streamer. The logo being so large reminds me of the ION Channel logo though."", 'FlimsyManagement: Same! It‚Äôs so much better', 'FlimsyManagement: Yeah it‚Äôs obnoxious for real üòÇ', 'FlimsyManagement: üòÇ I get it, it just wasn‚Äôt the end of the world for me. I think there only being two 30 second ads was acceptable considering other platforms would bombard you with ads every chance they got.']"
1651794913.0	05-May-2022 16:55:13	Subtitles	PerfectTommy5035	5	ujapzx	Freevee	https://www.reddit.com/r/Freevee/comments/ujapzx/subtitles/	If I put subtitles on,  pause for a couple of minutes,  I have to turn subtitles on Again. Come on Fire Cube / Freeview, can't you use one bit to remember my settings?	2	"[""2OneZebra: Subtitles for Freevee have never worked and they don't care to fix this.  Why I totally quit using their application.  They are unwilling to fix this and no workaround."", 'PerfectTommy5035: Found the content comes up in prime. With the added benefit of xray']"
1651427912.0	01-May-2022 10:58:32	Can you tell when items are leaving Freevee?	nrgins	2	ug5g0h	Freevee	https://www.reddit.com/r/Freevee/comments/ug5g0h/can_you_tell_when_items_are_leaving_freevee/	"I noticed a couple of items in my Freevee watchlist which previously were free are now marked as requiring payment.

Is there a way on Freevee to know which items are ""leaving soon,"" like they do on other streaming sites?"	0	[]
1650280859.0	18-Apr-2022 04:20:59	Amazon's 'Freevee' rebrand arrives amid 'wide open' market for free streaming	largesemi	1	u6arxf	Freevee	https://www.lightreading.com/cable-tech/amazons-freevee-rebrand-arrives-amid-wide-open-market-for-free-streaming-/d/d-id/776811?		0	[]
1649888044.0	13-Apr-2022 15:14:04	Amazon's Free Streaming Service IMDb TV is Rebranding to Amazon Freevee	largesemi	2	u31x3q	Freevee	https://www.cordcuttersnews.com/amazons-free-streaming-service-imdb-tv-is-rebranding-to-amazon-freevee/#l1y4pxkhctldrjztq2		1	['HannahCunningham14: How is it free when you have to have a stupid log in. Would like the free stuff to be available without you selling my email, you know like it was when it was just imdbTV.']
1649888028.0	13-Apr-2022 15:13:48	IMDB TV IS NOW Freevee	largesemi	5	u31wwt	Freevee	https://www.reddit.com/r/Freevee/comments/u31wwt/imdb_tv_is_now_freevee/		0	[]
